temperature_average (c);gravity_average (m/s2);velocity_average (m/s);period_average (s);samples;datetime_start (utc);datetime_end (utc);data_t_corrected;country;city;university;lat;long;alt
19.88015624999999;9.766360285937502;25.730096226562498;3.3735820499999996;64;2022-01-14 18:12:33.932025+00:00;2022-01-14 18:16:06.472249+00:00;False;CO;BOG;Uniandes;4.6012;-74.0657;2630
19.460781250000004;9.7662882921875;25.6925398109375;3.3735946093749996;64;2022-01-14 18:24:34.863570+00:00;2022-01-14 18:28:07.402871+00:00;False;CO;BOG;Uniandes;4.6012;-74.0657;2630
19.36328125000001;9.76617845625;25.704409240625;3.3736136140624993;64;2022-01-14 18:36:33.878806+00:00;2022-01-14 18:40:06.409878+00:00;False;CO;BOG;Uniandes;4.6012;-74.0657;2630
19.297500000000007;9.7662726171875;25.682732943750004;3.37359728125;64;2022-01-14 18:48:34.877996+00:00;2022-01-14 18:52:07.407621+00:00;False;CO;BOG;Uniandes;4.6012;-74.0657;2630
19.277656249999993;9.766185685937499;25.719519315625007;3.3736123609375004;64;2022-01-14 19:00:33.863954+00:00;2022-01-14 19:04:06.405267+00:00;False;CO;BOG;Uniandes;4.6012;-74.0657;2630
19.235468749999992;9.7663316609375;25.677535653125005;3.3735871015624994;64;2022-01-14 19:12:34.867179+00:00;2022-01-14 19:16:07.398309+00:00;False;CO;BOG;Uniandes;4.6012;-74.0657;2630
19.235781249999988;9.766275932812503;25.717442626562498;3.373596764062499;64;2022-01-14 19:24:33.955294+00:00;2022-01-14 19:28:06.487634+00:00;False;CO;BOG;Uniandes;4.6012;-74.0657;2630
19.212812499999995;9.766461712499998;25.67770975937501;3.3735646515625013;64;2022-01-14 19:36:34.938816+00:00;2022-01-14 19:40:07.477792+00:00;False;CO;BOG;Uniandes;4.6012;-74.0657;2630
19.199218749999996;9.76636648125;25.695873975;3.3735810765625;64;2022-01-14 19:48:33.935773+00:00;2022-01-14 19:52:06.476476+00:00;False;CO;BOG;Uniandes;4.6012;-74.0657;2630
19.190156249999998;9.7665378953125;25.706502051562495;3.3735514703124996;64;2022-01-14 20:00:34.946824+00:00;2022-01-14 20:04:07.467720+00:00;False;CO;BOG;Uniandes;4.6012;-74.0657;2630
19.211249999999993;9.766560821875;25.736174582812502;3.37354731875;64;2022-01-14 20:12:33.935668+00:00;2022-01-14 20:16:06.471302+00:00;False;CO;BOG;Uniandes;4.6012;-74.0657;2630
19.207812499999996;9.766602515625003;25.767063024999995;3.3735402359374995;64;2022-01-14 20:24:34.879538+00:00;2022-01-14 20:28:07.417718+00:00;False;CO;BOG;Uniandes;4.6012;-74.0657;2630
19.20453124999999;9.766619310937502;25.732044579687507;3.373537412500001;64;2022-01-14 20:36:33.876414+00:00;2022-01-14 20:40:06.406728+00:00;False;CO;BOG;Uniandes;4.6012;-74.0657;2630
19.190312500000005;9.766598040625;25.766047429687497;3.3735409843749986;64;2022-01-14 20:48:34.860368+00:00;2022-01-14 20:52:07.402028+00:00;False;CO;BOG;Uniandes;4.6012;-74.0657;2630
19.214843749999993;9.7666429296875;25.723084421874997;3.3735333640625;64;2022-01-14 21:00:33.892171+00:00;2022-01-14 21:04:06.421599+00:00;False;CO;BOG;Uniandes;4.6012;-74.0657;2630
19.1659375;9.766495060937498;25.73280245000001;3.37355891875;64;2022-01-14 21:12:34.894610+00:00;2022-01-14 21:16:07.428411+00:00;False;CO;BOG;Uniandes;4.6012;-74.0657;2630
19.1890625;9.766600623437501;25.726869078125;3.3735406703124995;64;2022-01-14 21:24:33.936043+00:00;2022-01-14 21:28:06.464947+00:00;False;CO;BOG;Uniandes;4.6012;-74.0657;2630
19.180156249999992;9.766509470312506;25.752342310937504;3.373556415625;64;2022-01-14 21:36:34.949709+00:00;2022-01-14 21:40:07.484199+00:00;False;CO;BOG;Uniandes;4.6012;-74.0657;2630
19.161406249999995;9.766630912499997;25.685329998437492;3.3735353906250003;64;2022-01-14 21:48:33.970861+00:00;2022-01-14 21:52:06.490025+00:00;False;CO;BOG;Uniandes;4.6012;-74.0657;2630
19.175625000000004;9.76654248125;25.709469256249992;3.373550706250001;64;2022-01-14 22:00:34.944750+00:00;2022-01-14 22:04:07.479819+00:00;False;CO;BOG;Uniandes;4.6012;-74.0657;2630
19.183281250000007;9.766744959375;25.695528921875002;3.3735157734375014;64;2022-01-14 22:12:33.944373+00:00;2022-01-14 22:16:06.475073+00:00;False;CO;BOG;Uniandes;4.6012;-74.0657;2630
19.16296875;9.766586139062499;25.667465209374992;3.373543379687499;64;2022-01-14 22:24:34.908644+00:00;2022-01-14 22:28:07.438957+00:00;False;CO;BOG;Uniandes;4.6012;-74.0657;2630
19.162968749999994;9.766716253125006;25.6883707671875;3.3735208703125;64;2022-01-14 22:36:33.894249+00:00;2022-01-14 22:40:06.422923+00:00;False;CO;BOG;Uniandes;4.6012;-74.0657;2630
19.185781249999998;9.766599296875002;25.675508196875008;3.3735409562499994;64;2022-01-14 22:48:34.881131+00:00;2022-01-14 22:52:07.415817+00:00;False;CO;BOG;Uniandes;4.6012;-74.0657;2630
19.168906250000003;9.766735362500004;25.678141953124996;3.3735174796875;64;2022-01-14 23:00:33.889993+00:00;2022-01-14 23:04:06.418383+00:00;False;CO;BOG;Uniandes;4.6012;-74.0657;2630
19.171562499999997;9.7665901828125;25.696185474999993;3.373542406249999;64;2022-01-14 23:12:34.878037+00:00;2022-01-14 23:16:07.403304+00:00;False;CO;BOG;Uniandes;4.6012;-74.0657;2630
19.16828125;9.766729965624998;25.679093687499993;3.3735182781250006;64;2022-01-14 23:24:33.941589+00:00;2022-01-14 23:28:06.447656+00:00;False;CO;BOG;Uniandes;4.6012;-74.0657;2630
19.166874999999997;9.766652042187493;25.763026773437506;3.3735317921875008;64;2022-01-14 23:36:34.908253+00:00;2022-01-14 23:40:07.442534+00:00;False;CO;BOG;Uniandes;4.6012;-74.0657;2630
19.191562500000003;9.766748329687497;25.69751816562502;3.373515146874999;64;2022-01-14 23:48:33.928849+00:00;2022-01-14 23:52:06.467422+00:00;False;CO;BOG;Uniandes;4.6012;-74.0657;2630
19.1796875;9.766627765625;25.724070362500004;3.3735360234374987;64;2022-01-15 00:00:34.930855+00:00;2022-01-15 00:04:07.458774+00:00;False;CO;BOG;Uniandes;4.6012;-74.0657;2630
19.174843749999997;9.766780734374994;25.688220915625;3.3735095328125;64;2022-01-15 00:12:33.927456+00:00;2022-01-15 00:16:06.461395+00:00;False;CO;BOG;Uniandes;4.6012;-74.0657;2630
19.180781250000003;9.766626953125;25.715012459375004;3.3735361;64;2022-01-15 00:24:34.932286+00:00;2022-01-15 00:28:07.462805+00:00;False;CO;BOG;Uniandes;4.6012;-74.0657;2630
19.17359375;9.7667930171875;25.681381910937507;3.3735073874999997;64;2022-01-15 00:36:33.935179+00:00;2022-01-15 00:40:06.466104+00:00;False;CO;BOG;Uniandes;4.6012;-74.0657;2630
19.130468750000002;9.76664334375;25.724907462499992;3.373533317187501;64;2022-01-15 00:48:34.942403+00:00;2022-01-15 00:52:07.472913+00:00;False;CO;BOG;Uniandes;4.6012;-74.0657;2630
19.1328125;9.766767868750001;25.682434349999998;3.373511734375;64;2022-01-15 01:00:33.939070+00:00;2022-01-15 01:04:06.470122+00:00;False;CO;BOG;Uniandes;4.6012;-74.0657;2630
19.132656250000007;9.7666519296875;25.694540946874998;3.3735317734375023;64;2022-01-15 01:12:34.943328+00:00;2022-01-15 01:16:07.475332+00:00;False;CO;BOG;Uniandes;4.6012;-74.0657;2630
19.113593750000007;9.766752223437502;25.689742984375;3.3735144453125017;64;2022-01-15 01:24:33.930070+00:00;2022-01-15 01:28:06.462346+00:00;False;CO;BOG;Uniandes;4.6012;-74.0657;2630
19.110156250000006;9.766785114062497;25.754017264062508;3.3735085390624993;64;2022-01-15 01:36:34.931337+00:00;2022-01-15 01:40:07.461991+00:00;False;CO;BOG;Uniandes;4.6012;-74.0657;2630
19.105468750000007;9.766785015624999;25.7453824625;3.373508637499998;64;2022-01-15 01:48:33.925874+00:00;2022-01-15 01:52:06.456546+00:00;False;CO;BOG;Uniandes;4.6012;-74.0657;2630
19.097500000000004;9.766684175000002;25.771148950000004;3.3735262062500007;64;2022-01-15 02:00:34.931298+00:00;2022-01-15 02:04:07.462203+00:00;False;CO;BOG;Uniandes;4.6012;-74.0657;2630
19.096562500000008;9.766785637500004;25.7629343890625;3.373508448437501;64;2022-01-15 02:12:33.925117+00:00;2022-01-15 02:16:06.454120+00:00;False;CO;BOG;Uniandes;4.6012;-74.0657;2630
19.09500000000001;9.766631412500002;25.75331935;3.3735353687500016;64;2022-01-15 02:24:34.960372+00:00;2022-01-15 02:28:07.489255+00:00;False;CO;BOG;Uniandes;4.6012;-74.0657;2630
19.09406250000001;9.766738626562498;25.70756756874999;3.3735168140624996;64;2022-01-15 02:36:33.960074+00:00;2022-01-15 02:40:06.493337+00:00;False;CO;BOG;Uniandes;4.6012;-74.0657;2630
19.09843750000001;9.766724912499999;25.788050154687497;3.373519203124998;64;2022-01-15 02:48:34.981220+00:00;2022-01-15 02:52:07.508461+00:00;False;CO;BOG;Uniandes;4.6012;-74.0657;2630
19.07859375000001;9.766753989062499;25.754128254687494;3.3735141468750003;64;2022-01-15 03:00:33.971681+00:00;2022-01-15 03:04:06.504861+00:00;False;CO;BOG;Uniandes;4.6012;-74.0657;2630
19.088281250000016;9.766620365624997;25.76280662812501;3.373537274999999;64;2022-01-15 03:12:34.988642+00:00;2022-01-15 03:16:07.524651+00:00;False;CO;BOG;Uniandes;4.6012;-74.0657;2630
19.095468750000006;9.766723621874998;25.729805865625;3.373519390624999;64;2022-01-15 03:24:33.903380+00:00;2022-01-15 03:28:06.438283+00:00;False;CO;BOG;Uniandes;4.6012;-74.0657;2630
19.09968750000001;9.766624707812499;25.7994776359375;3.373536518749999;64;2022-01-15 03:36:34.917411+00:00;2022-01-15 03:40:07.443859+00:00;False;CO;BOG;Uniandes;4.6012;-74.0657;2630
19.100000000000012;9.766765501562501;25.740104410937498;3.3735121875000007;64;2022-01-15 03:48:33.887440+00:00;2022-01-15 03:52:06.404755+00:00;False;CO;BOG;Uniandes;4.6012;-74.0657;2630
19.08765625000001;9.766749145312508;25.7715347703125;3.3735147640624996;64;2022-01-15 04:00:34.873158+00:00;2022-01-15 04:04:07.436601+00:00;False;CO;BOG;Uniandes;4.6012;-74.0657;2630
19.097500000000007;9.766735387499995;25.773238120312502;3.3735171421874997;64;2022-01-15 04:12:33.918863+00:00;2022-01-15 04:16:06.448338+00:00;False;CO;BOG;Uniandes;4.6012;-74.0657;2630
19.104375000000008;9.766618131249999;25.779111414062502;3.3735376562500003;64;2022-01-15 04:24:34.986519+00:00;2022-01-15 04:28:07.515644+00:00;False;CO;BOG;Uniandes;4.6012;-74.0657;2630
19.06703125000001;9.76674938125;25.7400256671875;3.3735149734375014;64;2022-01-15 04:36:33.972458+00:00;2022-01-15 04:40:06.506660+00:00;False;CO;BOG;Uniandes;4.6012;-74.0657;2630
19.074531250000014;9.766608884375001;25.754678246875;3.3735392765625;64;2022-01-15 04:48:34.978247+00:00;2022-01-15 04:52:07.514577+00:00;False;CO;BOG;Uniandes;4.6012;-74.0657;2630
19.054531250000014;9.766743479687499;25.774964390625005;3.3735158484374987;64;2022-01-15 05:00:33.981889+00:00;2022-01-15 05:04:06.508852+00:00;False;CO;BOG;Uniandes;4.6012;-74.0657;2630
19.05171875000001;9.766743643749999;25.772625795312504;3.3735157125000006;64;2022-01-15 05:12:34.988026+00:00;2022-01-15 05:16:07.522924+00:00;False;CO;BOG;Uniandes;4.6012;-74.0657;2630
19.042187500000004;9.766743881250001;25.7759717984375;3.3735156624999996;64;2022-01-15 05:24:33.926802+00:00;2022-01-15 05:28:06.466448+00:00;False;CO;BOG;Uniandes;4.6012;-74.0657;2630
19.041875000000008;9.76677751875;25.788485042187496;3.3735098359375;64;2022-01-15 05:36:34.922927+00:00;2022-01-15 05:40:07.450983+00:00;False;CO;BOG;Uniandes;4.6012;-74.0657;2630
19.037499999999998;9.766742826562503;25.790446579687497;3.373515853125001;64;2022-01-15 05:48:33.892562+00:00;2022-01-15 05:52:06.439096+00:00;False;CO;BOG;Uniandes;4.6012;-74.0657;2630
19.019531249999993;9.766790142187505;25.739138426562498;3.373507959375;64;2022-01-15 06:00:34.933382+00:00;2022-01-15 06:04:07.459997+00:00;False;CO;BOG;Uniandes;4.6012;-74.0657;2630
19.015468749999993;9.766605931249998;25.765904065625;3.3735397453125007;64;2022-01-15 06:12:33.929790+00:00;2022-01-15 06:16:06.462326+00:00;False;CO;BOG;Uniandes;4.6012;-74.0657;2630
19.02171874999998;9.766735628124996;25.74766260781249;3.373517359375;64;2022-01-15 06:24:34.985165+00:00;2022-01-15 06:28:07.512222+00:00;False;CO;BOG;Uniandes;4.6012;-74.0657;2630
19.007499999999983;9.766663270312497;25.767685232812504;3.3735298765624995;64;2022-01-15 06:36:33.992666+00:00;2022-01-15 06:40:06.524775+00:00;False;CO;BOG;Uniandes;4.6012;-74.0657;2630
19.00484374999999;9.7667354375;25.736872968750003;3.3735173875;64;2022-01-15 06:48:35.013235+00:00;2022-01-15 06:52:07.533457+00:00;False;CO;BOG;Uniandes;4.6012;-74.0657;2630
19.013281249999984;9.766604332812499;25.763963582812504;3.3735400359375;64;2022-01-15 07:00:33.985790+00:00;2022-01-15 07:04:06.519739+00:00;False;CO;BOG;Uniandes;4.6012;-74.0657;2630
19.00171874999999;9.766731065625002;25.7743709671875;3.373518098437499;64;2022-01-15 07:12:34.986559+00:00;2022-01-15 07:16:07.517017+00:00;False;CO;BOG;Uniandes;4.6012;-74.0657;2630
18.997499999999985;9.7666179;25.771015109374996;3.37353770625;64;2022-01-15 07:24:33.948015+00:00;2022-01-15 07:28:06.483031+00:00;False;CO;BOG;Uniandes;4.6012;-74.0657;2630
19.008593749999978;9.766753254687496;25.726140764062496;3.3735144203125005;64;2022-01-15 07:36:34.946079+00:00;2022-01-15 07:40:07.475368+00:00;False;CO;BOG;Uniandes;4.6012;-74.0657;2630
19.005781249999984;9.766609760937497;25.727585462500002;3.373539228125001;64;2022-01-15 07:48:33.928165+00:00;2022-01-15 07:52:06.461403+00:00;False;CO;BOG;Uniandes;4.6012;-74.0657;2630
18.984999999999985;9.766714856250001;25.745689179687496;3.373520971875;64;2022-01-15 08:00:34.931431+00:00;2022-01-15 08:04:07.460173+00:00;False;CO;BOG;Uniandes;4.6012;-74.0657;2630
19.00093749999999;9.766599698437503;25.749640106250006;3.3735408;64;2022-01-15 08:12:33.923877+00:00;2022-01-15 08:16:06.449746+00:00;False;CO;BOG;Uniandes;4.6012;-74.0657;2630
19.001093749999995;9.7667324578125;25.750543090625;3.3735180062500008;64;2022-01-15 08:24:35.001664+00:00;2022-01-15 08:28:07.530234+00:00;False;CO;BOG;Uniandes;4.6012;-74.0657;2630
19.003437499999983;9.766595556250005;25.764471593750002;3.373541529687501;64;2022-01-15 08:36:33.993274+00:00;2022-01-15 08:40:06.529467+00:00;False;CO;BOG;Uniandes;4.6012;-74.0657;2630
18.98906249999999;9.7667503078125;25.785375270312493;3.3735147499999996;64;2022-01-15 08:48:34.996824+00:00;2022-01-15 08:52:07.535173+00:00;False;CO;BOG;Uniandes;4.6012;-74.0657;2630
18.989843749999984;9.7665755890625;25.77358833125;3.3735449718750004;64;2022-01-15 09:00:34.003190+00:00;2022-01-15 09:04:06.521402+00:00;False;CO;BOG;Uniandes;4.6012;-74.0657;2630
19.00062499999999;9.7667094140625;25.76452517500001;3.3735218640625004;64;2022-01-15 09:12:34.989394+00:00;2022-01-15 09:16:07.522927+00:00;False;CO;BOG;Uniandes;4.6012;-74.0657;2630
18.98124999999998;9.7665964265625;25.777523879687504;3.373541374999998;64;2022-01-15 09:24:33.961558+00:00;2022-01-15 09:28:06.496229+00:00;False;CO;BOG;Uniandes;4.6012;-74.0657;2630
18.965156249999993;9.7667474625;25.79880556406251;3.3735152078125;64;2022-01-15 09:36:34.960171+00:00;2022-01-15 09:40:07.489913+00:00;False;CO;BOG;Uniandes;4.6012;-74.0657;2630
18.97093749999999;9.766717459374998;25.8354031703125;3.3735204843749997;64;2022-01-15 09:48:33.947151+00:00;2022-01-15 09:52:06.478091+00:00;False;CO;BOG;Uniandes;4.6012;-74.0657;2630
18.976562499999986;9.7666922515625;25.763800031250007;3.3735248265624986;64;2022-01-15 10:00:34.948321+00:00;2022-01-15 10:04:07.478298+00:00;False;CO;BOG;Uniandes;4.6012;-74.0657;2630
18.9584375;9.766687795312501;25.827782182812502;3.373525645312501;64;2022-01-15 10:12:33.940265+00:00;2022-01-15 10:16:06.466214+00:00;False;CO;BOG;Uniandes;4.6012;-74.0657;2630
18.967656249999994;9.7667163953125;25.745678395312503;3.3735206468749994;64;2022-01-15 10:24:35.018145+00:00;2022-01-15 10:28:07.546916+00:00;False;CO;BOG;Uniandes;4.6012;-74.0657;2630
18.964218749999993;9.766600342187498;25.751723884375004;3.373540953125;64;2022-01-15 10:36:33.991388+00:00;2022-01-15 10:40:06.526955+00:00;False;CO;BOG;Uniandes;4.6012;-74.0657;2630
18.942343750000003;9.76673725;25.757741959374997;3.3735174156249994;64;2022-01-15 10:48:34.994882+00:00;2022-01-15 10:52:07.531128+00:00;False;CO;BOG;Uniandes;4.6012;-74.0657;2630
18.930625000000006;9.766624110937503;25.746454542187493;3.3735368406250004;64;2022-01-15 11:00:34.007453+00:00;2022-01-15 11:04:06.534608+00:00;False;CO;BOG;Uniandes;4.6012;-74.0657;2630
18.931875;9.766727718749998;25.749687229687506;3.373518979687498;64;2022-01-15 11:12:35.012995+00:00;2022-01-15 11:16:07.547564+00:00;False;CO;BOG;Uniandes;4.6012;-74.0657;2630
18.946562499999995;9.766592871875003;25.762492921874994;3.3735419828124997;64;2022-01-15 11:24:33.960603+00:00;2022-01-15 11:28:06.495387+00:00;False;CO;BOG;Uniandes;4.6012;-74.0657;2630
18.953749999999992;9.766725551562502;25.800883115624995;3.373518990625001;64;2022-01-15 11:36:34.957323+00:00;2022-01-15 11:40:07.485166+00:00;False;CO;BOG;Uniandes;4.6012;-74.0657;2630
18.93453125;9.7667080421875;25.825161815624995;3.373521959375001;64;2022-01-15 11:48:33.923141+00:00;2022-01-15 11:52:06.473309+00:00;False;CO;BOG;Uniandes;4.6012;-74.0657;2630
18.9465625;9.766711631249999;25.812425670312496;3.3735212515625013;64;2022-01-15 12:00:34.966625+00:00;2022-01-15 12:04:07.494960+00:00;False;CO;BOG;Uniandes;4.6012;-74.0657;2630
18.925625000000007;9.766742392187497;25.8147507609375;3.3735159031250004;64;2022-01-15 12:12:33.966040+00:00;2022-01-15 12:16:06.497712+00:00;False;CO;BOG;Uniandes;4.6012;-74.0657;2630
18.911875;9.766677662500003;25.832811084375003;3.3735273421875003;64;2022-01-15 12:24:34.940572+00:00;2022-01-15 12:28:07.472073+00:00;False;CO;BOG;Uniandes;4.6012;-74.0657;2630
18.928437499999998;9.766713334374996;25.804895992187507;3.373521032812499;64;2022-01-15 12:36:33.933909+00:00;2022-01-15 12:40:06.463332+00:00;False;CO;BOG;Uniandes;4.6012;-74.0657;2630
18.890781250000007;9.766617881250001;25.838482768749998;3.3735376921875;64;2022-01-15 12:48:34.919293+00:00;2022-01-15 12:52:07.452464+00:00;False;CO;BOG;Uniandes;4.6012;-74.0657;2630
18.902187500000007;9.766731899999998;25.805694554687502;3.373517804687499;64;2022-01-15 13:00:33.925871+00:00;2022-01-15 13:04:06.455204+00:00;False;CO;BOG;Uniandes;4.6012;-74.0657;2630
18.893437500000005;9.766740040625;25.816098062499982;3.3735163140625;64;2022-01-15 13:12:34.915820+00:00;2022-01-15 13:16:07.442110+00:00;False;CO;BOG;Uniandes;4.6012;-74.0657;2630
18.894062499999997;9.766737223437502;25.809521971875;3.3735167968749997;64;2022-01-15 13:24:34.041339+00:00;2022-01-15 13:28:06.543832+00:00;False;CO;BOG;Uniandes;4.6012;-74.0657;2630
18.900156250000002;9.766701310937501;25.815682884375004;3.373523053125001;64;2022-01-15 13:36:35.023765+00:00;2022-01-15 13:40:07.555530+00:00;False;CO;BOG;Uniandes;4.6012;-74.0657;2630
18.884218750000002;9.766723217187502;25.820666107812507;3.3735192296875005;64;2022-01-15 13:48:34.024455+00:00;2022-01-15 13:52:06.565795+00:00;False;CO;BOG;Uniandes;4.6012;-74.0657;2630
18.902031249999997;9.766709368749996;25.823621875;3.3735216609375;64;2022-01-15 14:00:35.014130+00:00;2022-01-15 14:04:07.542046+00:00;False;CO;BOG;Uniandes;4.6012;-74.0657;2630
18.872031250000003;9.766620139062494;25.823025906250002;3.373537296875001;64;2022-01-15 14:12:34.024235+00:00;2022-01-15 14:16:06.550451+00:00;False;CO;BOG;Uniandes;4.6012;-74.0657;2630
18.874375;9.766699046874999;25.809349890624997;3.3735236265625;64;2022-01-15 14:24:34.979371+00:00;2022-01-15 14:28:07.512515+00:00;False;CO;BOG;Uniandes;4.6012;-74.0657;2630
18.871875000000003;9.766628181250002;25.832427800000005;3.37353593125;64;2022-01-15 14:36:33.982281+00:00;2022-01-15 14:40:06.511461+00:00;False;CO;BOG;Uniandes;4.6012;-74.0657;2630
18.85421875000001;9.766758156249999;25.762682617187497;3.3735134453125006;64;2022-01-15 14:48:34.971743+00:00;2022-01-15 14:52:07.505881+00:00;False;CO;BOG;Uniandes;4.6012;-74.0657;2630
18.84906250000001;9.766754882812494;25.811427443749995;3.373513753125001;64;2022-01-15 15:00:33.971597+00:00;2022-01-15 15:04:06.500737+00:00;False;CO;BOG;Uniandes;4.6012;-74.0657;2630
18.857031250000002;9.7667598296875;25.819011178125;3.373512903125001;64;2022-01-15 15:12:34.955654+00:00;2022-01-15 15:16:07.481736+00:00;False;CO;BOG;Uniandes;4.6012;-74.0657;2630
18.831718750000018;9.766701306249997;25.82171430781251;3.3735231406249993;64;2022-01-15 15:24:34.057549+00:00;2022-01-15 15:28:06.558901+00:00;False;CO;BOG;Uniandes;4.6012;-74.0657;2630
18.839687500000007;9.766710787499996;25.778740912499998;3.37352163125;64;2022-01-15 15:36:35.041326+00:00;2022-01-15 15:40:07.570554+00:00;False;CO;BOG;Uniandes;4.6012;-74.0657;2630
18.827343750000008;9.76660710625;25.795294998437505;3.3735395671874997;64;2022-01-15 15:48:34.049516+00:00;2022-01-15 15:52:06.590583+00:00;False;CO;BOG;Uniandes;4.6012;-74.0657;2630
18.83812500000001;9.7667008765625;25.761067960937492;3.3735233406250003;64;2022-01-15 16:00:35.028924+00:00;2022-01-15 16:04:07.556053+00:00;False;CO;BOG;Uniandes;4.6012;-74.0657;2630
18.824531250000007;9.766584962500005;25.7617445609375;3.373543328125001;64;2022-01-15 16:12:34.037210+00:00;2022-01-15 16:16:06.563911+00:00;False;CO;BOG;Uniandes;4.6012;-74.0657;2630
18.82718750000002;9.766750107812499;25.745657829687495;3.3735147984375007;64;2022-01-15 16:24:34.962547+00:00;2022-01-15 16:28:07.496234+00:00;False;CO;BOG;Uniandes;4.6012;-74.0657;2630
18.824375000000014;9.766586898437499;25.780182362499996;3.37354300625;64;2022-01-15 16:36:33.978065+00:00;2022-01-15 16:40:06.505783+00:00;False;CO;BOG;Uniandes;4.6012;-74.0657;2630
18.82500000000001;9.7667532359375;25.778818901562495;3.3735143140625;64;2022-01-15 16:48:34.977222+00:00;2022-01-15 16:52:07.502454+00:00;False;CO;BOG;Uniandes;4.6012;-74.0657;2630
18.82015625000001;9.766739290625004;25.803573126562497;3.37351645625;64;2022-01-15 17:00:33.962384+00:00;2022-01-15 17:04:06.498892+00:00;False;CO;BOG;Uniandes;4.6012;-74.0657;2630
18.81453125000001;9.766612020312497;25.815115271874994;3.3735386796875018;64;2022-01-15 17:12:34.969427+00:00;2022-01-15 17:16:07.497190+00:00;False;CO;BOG;Uniandes;4.6012;-74.0657;2630
18.81828125000001;9.7667483859375;25.783348053125014;3.3735151234375;64;2022-01-15 17:24:34.050202+00:00;2022-01-15 17:28:06.553855+00:00;False;CO;BOG;Uniandes;4.6012;-74.0657;2630
18.805625000000013;9.766750421875003;25.8149597078125;3.3735145234374992;64;2022-01-15 17:36:35.040731+00:00;2022-01-15 17:40:07.566425+00:00;False;CO;BOG;Uniandes;4.6012;-74.0657;2630
18.812031250000008;9.766748664062499;25.790101582812504;3.3735150765625;64;2022-01-15 17:48:34.040021+00:00;2022-01-15 17:52:06.579747+00:00;False;CO;BOG;Uniandes;4.6012;-74.0657;2630
18.794062500000003;9.766739679687499;25.809338367187507;3.3735164406250004;64;2022-01-15 18:00:35.048568+00:00;2022-01-15 18:04:07.579528+00:00;False;CO;BOG;Uniandes;4.6012;-74.0657;2630
18.81828125000001;9.766749250000002;25.776409329687507;3.3735149906250004;64;2022-01-15 18:12:34.056423+00:00;2022-01-15 18:16:06.592881+00:00;False;CO;BOG;Uniandes;4.6012;-74.0657;2630
18.802031250000013;9.7667376046875;25.81355574375;3.373516781249999;64;2022-01-15 18:24:34.957937+00:00;2022-01-15 18:28:07.519606+00:00;False;CO;BOG;Uniandes;4.6012;-74.0657;2630
18.81468750000001;9.766734035937501;25.78823649375;3.3735175890624993;64;2022-01-15 18:36:33.985115+00:00;2022-01-15 18:40:06.517783+00:00;False;CO;BOG;Uniandes;4.6012;-74.0657;2630
18.79453125000001;9.7666168203125;25.818399553125;3.373537865625001;64;2022-01-15 18:48:34.982268+00:00;2022-01-15 18:52:07.504432+00:00;False;CO;BOG;Uniandes;4.6012;-74.0657;2630
18.784531249999997;9.766731053125001;25.769227175000005;3.3735181515625015;64;2022-01-15 19:00:33.987005+00:00;2022-01-15 19:04:06.521264+00:00;False;CO;BOG;Uniandes;4.6012;-74.0657;2630
18.793125000000003;9.766603421875002;25.782733920312495;3.3735401984375;64;2022-01-15 19:12:34.992730+00:00;2022-01-15 19:16:07.529033+00:00;False;CO;BOG;Uniandes;4.6012;-74.0657;2630
18.80265625000001;9.766719515624999;25.7532957546875;3.3735201046874983;64;2022-01-15 19:24:34.042100+00:00;2022-01-15 19:28:06.571139+00:00;False;CO;BOG;Uniandes;4.6012;-74.0657;2630
18.797656250000003;9.766759723437497;25.801426534375;3.3735129281250007;64;2022-01-15 19:36:35.049226+00:00;2022-01-15 19:40:07.583053+00:00;False;CO;BOG;Uniandes;4.6012;-74.0657;2630
18.79656250000001;9.7667363203125;25.813222495312502;3.373516981250001;64;2022-01-15 19:48:34.065237+00:00;2022-01-15 19:52:06.581882+00:00;False;CO;BOG;Uniandes;4.6012;-74.0657;2630
18.79828125000001;9.766744159375003;25.795463624999993;3.373515692187501;64;2022-01-15 20:00:35.044003+00:00;2022-01-15 20:04:07.578178+00:00;False;CO;BOG;Uniandes;4.6012;-74.0657;2630
18.80390625000002;9.766730564062499;25.81919375625001;3.37351796875;64;2022-01-15 20:12:34.537069+00:00;2022-01-15 20:16:07.068030+00:00;False;CO;BOG;Uniandes;4.6012;-74.0657;2630
18.79328125;9.7667327671875;25.814436732812503;3.3735176078125004;64;2022-01-15 20:24:33.477634+00:00;2022-01-15 20:28:06.012059+00:00;False;CO;BOG;Uniandes;4.6012;-74.0657;2630
18.80578125000002;9.766698751562497;25.830409910937504;3.3735236953125005;64;2022-01-15 20:36:34.475674+00:00;2022-01-15 20:40:07.003122+00:00;False;CO;BOG;Uniandes;4.6012;-74.0657;2630
18.80406250000001;9.76677241875;25.808057814062487;3.3735107156249993;64;2022-01-15 20:48:33.448451+00:00;2022-01-15 20:52:05.999299+00:00;False;CO;BOG;Uniandes;4.6012;-74.0657;2630
18.795781250000008;9.766593740624998;25.749093853124993;3.373541840624999;64;2022-01-15 21:00:34.489071+00:00;2022-01-15 21:04:07.017007+00:00;False;CO;BOG;Uniandes;4.6012;-74.0657;2630
18.803125000000016;9.76671769375;25.770766528124998;3.3735204484375005;64;2022-01-15 21:12:33.484775+00:00;2022-01-15 21:16:06.016990+00:00;False;CO;BOG;Uniandes;4.6012;-74.0657;2630
18.810625000000012;9.7666848359375;25.6890269578125;3.373526506250001;64;2022-01-15 21:24:34.558376+00:00;2022-01-15 21:28:07.086223+00:00;False;CO;BOG;Uniandes;4.6012;-74.0657;2630
18.810000000000016;9.76675025;25.739652220312497;3.3735151468750004;64;2022-01-15 21:36:33.545490+00:00;2022-01-15 21:40:06.079550+00:00;False;CO;BOG;Uniandes;4.6012;-74.0657;2630
18.814218750000013;9.766600821874997;25.734334354687483;3.373540915624999;64;2022-01-15 21:48:34.548261+00:00;2022-01-15 21:52:07.085073+00:00;False;CO;BOG;Uniandes;4.6012;-74.0657;2630
18.80390625000001;9.766758975000002;25.74527704531251;3.373513526562499;64;2022-01-15 22:00:33.560430+00:00;2022-01-15 22:04:06.086744+00:00;False;CO;BOG;Uniandes;4.6012;-74.0657;2630
18.806093750000013;9.766601999999997;25.739009679687502;3.373540723437501;64;2022-01-15 22:12:34.554461+00:00;2022-01-15 22:16:07.089507+00:00;False;CO;BOG;Uniandes;4.6012;-74.0657;2630
18.82140625000001;9.766718356249998;25.761482149999996;3.373520318750001;64;2022-01-15 22:24:33.494133+00:00;2022-01-15 22:28:06.032895+00:00;False;CO;BOG;Uniandes;4.6012;-74.0657;2630
18.81484375000001;9.766602850000002;25.767327403124998;3.3735402468749993;64;2022-01-15 22:36:34.511680+00:00;2022-01-15 22:40:07.042936+00:00;False;CO;BOG;Uniandes;4.6012;-74.0657;2630
18.82390625000001;9.766713273437501;25.747191514062507;3.3735211734374992;64;2022-01-15 22:48:33.512143+00:00;2022-01-15 22:52:06.039337+00:00;False;CO;BOG;Uniandes;4.6012;-74.0657;2630
18.836093750000014;9.7665707484375;25.775466234375003;3.37354578125;64;2022-01-15 23:00:34.501079+00:00;2022-01-15 23:04:07.037737+00:00;False;CO;BOG;Uniandes;4.6012;-74.0657;2630
18.817968750000013;9.766719490624995;25.81045150781251;3.3735198765625003;64;2022-01-15 23:12:33.505083+00:00;2022-01-15 23:16:06.033807+00:00;False;CO;BOG;Uniandes;4.6012;-74.0657;2630
18.824531250000003;9.766580032812499;25.766069265625003;3.373544170312499;64;2022-01-15 23:24:34.516440+00:00;2022-01-15 23:28:07.047255+00:00;False;CO;BOG;Uniandes;4.6012;-74.0657;2630
18.825000000000006;9.766739296875002;25.818516518749995;3.373516425;64;2022-01-15 23:36:33.512143+00:00;2022-01-15 23:40:06.044469+00:00;False;CO;BOG;Uniandes;4.6012;-74.0657;2630
18.813593750000006;9.76669621875;25.805058681250006;3.3735239468749985;64;2022-01-15 23:48:34.523723+00:00;2022-01-15 23:52:07.055232+00:00;False;CO;BOG;Uniandes;4.6012;-74.0657;2630
18.82093750000001;9.766747007812496;25.812979187499998;3.373515109375;64;2022-01-16 00:00:33.520560+00:00;2022-01-16 00:04:06.052357+00:00;False;CO;BOG;Uniandes;4.6012;-74.0657;2630
18.826562500000005;9.76675821875;25.817268551562496;3.3735131609375006;64;2022-01-16 00:12:34.521056+00:00;2022-01-16 00:16:07.053471+00:00;False;CO;BOG;Uniandes;4.6012;-74.0657;2630
18.812812500000014;9.766737254687499;25.81077170624999;3.3735168015624994;64;2022-01-16 00:24:33.555212+00:00;2022-01-16 00:28:06.083106+00:00;False;CO;BOG;Uniandes;4.6012;-74.0657;2630
18.805625000000006;9.766734499999997;25.820143404687496;3.3735172687500006;64;2022-01-16 00:36:34.549871+00:00;2022-01-16 00:40:07.081775+00:00;False;CO;BOG;Uniandes;4.6012;-74.0657;2630
18.817812500000016;9.766752670312503;25.808648701562497;3.373514142187499;64;2022-01-16 00:48:33.568578+00:00;2022-01-16 00:52:06.098752+00:00;False;CO;BOG;Uniandes;4.6012;-74.0657;2630
18.80859375000001;9.766711178125002;25.8020837640625;3.373521460937501;64;2022-01-16 01:00:34.572346+00:00;2022-01-16 01:04:07.105701+00:00;False;CO;BOG;Uniandes;4.6012;-74.0657;2630
18.80875000000001;9.766670526562496;25.826992184375005;3.3735284609375;64;2022-01-16 01:12:34.071808+00:00;2022-01-16 01:16:06.608004+00:00;False;CO;BOG;Uniandes;4.6012;-74.0657;2630
18.808281250000014;9.766713762499997;25.778363201562506;3.3735211578125;64;2022-01-16 01:24:34.997167+00:00;2022-01-16 01:28:07.532171+00:00;False;CO;BOG;Uniandes;4.6012;-74.0657;2630
18.815312500000008;9.766572237499997;25.783456503125002;3.37354555;64;2022-01-16 01:36:34.018032+00:00;2022-01-16 01:40:06.545231+00:00;False;CO;BOG;Uniandes;4.6012;-74.0657;2630
18.79859375;9.766693985937497;25.811714228125005;3.3735243031250013;64;2022-01-16 01:48:35.023325+00:00;2022-01-16 01:52:07.549127+00:00;False;CO;BOG;Uniandes;4.6012;-74.0657;2630
18.816562500000018;9.76669986875;25.8192225140625;3.373523264062499;64;2022-01-16 02:00:34.000585+00:00;2022-01-16 02:04:06.537750+00:00;False;CO;BOG;Uniandes;4.6012;-74.0657;2630
18.80406250000001;9.766732196875001;25.794087351562503;3.373517890624999;64;2022-01-16 02:12:35.007656+00:00;2022-01-16 02:16:07.534719+00:00;False;CO;BOG;Uniandes;4.6012;-74.0657;2630
18.818437500000012;9.766739210937498;25.814360943750007;3.3735164421874995;64;2022-01-16 02:24:34.090132+00:00;2022-01-16 02:28:06.617783+00:00;False;CO;BOG;Uniandes;4.6012;-74.0657;2630
18.810468750000005;9.766710531249997;25.81721943281249;3.3735214140625;64;2022-01-16 02:36:35.578413+00:00;2022-01-16 02:40:08.115070+00:00;False;CO;BOG;Uniandes;4.6012;-74.0657;2630
18.79921875000001;9.7666648453125;25.835258187499996;3.3735295015624995;64;2022-01-16 02:48:34.573348+00:00;2022-01-16 02:52:07.111755+00:00;False;CO;BOG;Uniandes;4.6012;-74.0657;2630
18.806406250000016;9.766696587499998;25.813776431249995;3.3735238281249993;64;2022-01-16 03:00:33.584679+00:00;2022-01-16 03:04:06.103925+00:00;False;CO;BOG;Uniandes;4.6012;-74.0657;2630
18.809531250000017;9.766715407812496;25.816192085937498;3.373520565625001;64;2022-01-16 03:12:35.073911+00:00;2022-01-16 03:16:07.607645+00:00;False;CO;BOG;Uniandes;4.6012;-74.0657;2630
18.798906250000016;9.766715510937502;25.7999742046875;3.3735206640624997;64;2022-01-16 03:24:34.524030+00:00;2022-01-16 03:28:07.060881+00:00;False;CO;BOG;Uniandes;4.6012;-74.0657;2630
18.807031250000012;9.766700642187502;25.80936915;3.3735231171874998;64;2022-01-16 03:36:33.527451+00:00;2022-01-16 03:40:06.059335+00:00;False;CO;BOG;Uniandes;4.6012;-74.0657;2630
18.818281250000013;9.766709029687503;25.808545145312497;3.3735217515625013;64;2022-01-16 03:48:34.502211+00:00;2022-01-16 03:52:07.040283+00:00;False;CO;BOG;Uniandes;4.6012;-74.0657;2630
18.802968750000012;9.7667054828125;25.818988204687507;3.3735222921874994;64;2022-01-16 04:00:33.530042+00:00;2022-01-16 04:04:06.059512+00:00;False;CO;BOG;Uniandes;4.6012;-74.0657;2630
18.794062500000006;9.76655833125;25.787527771875006;3.3735479453125006;64;2022-01-16 04:12:34.528159+00:00;2022-01-16 04:16:07.061343+00:00;False;CO;BOG;Uniandes;4.6012;-74.0657;2630
18.792968750000014;9.766697718749999;25.760207709375006;3.3735240421875003;64;2022-01-16 04:24:33.570602+00:00;2022-01-16 04:28:06.099974+00:00;False;CO;BOG;Uniandes;4.6012;-74.0657;2630
18.789999999999996;9.7665701796875;25.78375250625;3.3735458984375004;64;2022-01-16 04:36:34.583444+00:00;2022-01-16 04:40:07.117672+00:00;False;CO;BOG;Uniandes;4.6012;-74.0657;2630
18.79031250000001;9.766726465625005;25.815303023437497;3.3735186578125;64;2022-01-16 04:48:33.603174+00:00;2022-01-16 04:52:06.122541+00:00;False;CO;BOG;Uniandes;4.6012;-74.0657;2630
18.78984375;9.7666183578125;25.825974581250005;3.373537609375;64;2022-01-16 05:00:34.580459+00:00;2022-01-16 05:04:07.114381+00:00;False;CO;BOG;Uniandes;4.6012;-74.0657;2630
18.777187499999997;9.766730921874997;25.813779471875005;3.3735179062500005;64;2022-01-16 05:12:33.571527+00:00;2022-01-16 05:16:06.101945+00:00;False;CO;BOG;Uniandes;4.6012;-74.0657;2630
18.78828125;9.766717732812497;25.808453234374994;3.3735204109374983;64;2022-01-16 05:24:35.025620+00:00;2022-01-16 05:28:07.562069+00:00;False;CO;BOG;Uniandes;4.6012;-74.0657;2630
18.78000000000001;9.766660573437502;25.831015678124984;3.373530225;64;2022-01-16 05:36:34.024676+00:00;2022-01-16 05:40:06.552043+00:00;False;CO;BOG;Uniandes;4.6012;-74.0657;2630
18.77390625;9.766702474999999;25.816224904687505;3.3735230328124994;64;2022-01-16 05:48:34.992904+00:00;2022-01-16 05:52:07.538480+00:00;False;CO;BOG;Uniandes;4.6012;-74.0657;2630
18.769374999999986;9.766710937499996;25.815736321875004;3.3735213734375007;64;2022-01-16 06:00:34.037046+00:00;2022-01-16 06:04:06.567281+00:00;False;CO;BOG;Uniandes;4.6012;-74.0657;2630
18.759062499999988;9.766734342187501;25.79309934375;3.3735175406250004;64;2022-01-16 06:12:35.537348+00:00;2022-01-16 06:16:08.067902+00:00;False;CO;BOG;Uniandes;4.6012;-74.0657;2630
18.75734374999998;9.766737090624998;25.818403275;3.3735168265625;64;2022-01-16 06:24:34.610538+00:00;2022-01-16 06:28:07.134702+00:00;False;CO;BOG;Uniandes;4.6012;-74.0657;2630
18.743437499999988;9.76675835;25.801210676562505;3.373513243749999;64;2022-01-16 06:36:33.588365+00:00;2022-01-16 06:40:06.120369+00:00;False;CO;BOG;Uniandes;4.6012;-74.0657;2630
18.7609375;9.766716193749996;25.7974029828125;3.3735206890625;64;2022-01-16 06:48:34.589735+00:00;2022-01-16 06:52:07.125491+00:00;False;CO;BOG;Uniandes;4.6012;-74.0657;2630
18.75281249999999;9.766754998437499;25.823586343749998;3.3735137203124994;64;2022-01-16 07:00:34.097286+00:00;2022-01-16 07:04:06.624133+00:00;False;CO;BOG;Uniandes;4.6012;-74.0657;2630
18.760312499999984;9.766719770312504;25.813145256249996;3.3735198453124995;64;2022-01-16 07:12:35.099169+00:00;2022-01-16 07:16:07.633772+00:00;False;CO;BOG;Uniandes;4.6012;-74.0657;2630
18.761718749999982;9.7665717265625;25.815845724999996;3.3735456609375007;64;2022-01-16 07:24:34.018470+00:00;2022-01-16 07:28:06.560422+00:00;False;CO;BOG;Uniandes;4.6012;-74.0657;2630
18.743437499999985;9.766719103124998;25.756157456249994;3.3735201421875005;64;2022-01-16 07:36:35.041019+00:00;2022-01-16 07:40:07.569103+00:00;False;CO;BOG;Uniandes;4.6012;-74.0657;2630
18.749218749999986;9.766577470312496;25.7989873953125;3.373544637500001;64;2022-01-16 07:48:34.036051+00:00;2022-01-16 07:52:06.561615+00:00;False;CO;BOG;Uniandes;4.6012;-74.0657;2630
18.72374999999999;9.766760840624999;25.7841588;3.3735129640625003;64;2022-01-16 08:00:35.025753+00:00;2022-01-16 08:04:07.561518+00:00;False;CO;BOG;Uniandes;4.6012;-74.0657;2630
18.74328124999998;9.7665968109375;25.788569268750003;3.3735412999999994;64;2022-01-16 08:12:34.024634+00:00;2022-01-16 08:16:06.551683+00:00;False;CO;BOG;Uniandes;4.6012;-74.0657;2630
18.71999999999999;9.7667364125;25.757561290625;3.3735172109374996;64;2022-01-16 08:24:35.123010+00:00;2022-01-16 08:28:07.626180+00:00;False;CO;BOG;Uniandes;4.6012;-74.0657;2630
18.735781249999988;9.766716223437498;25.8259785234375;3.373520596875;64;2022-01-16 08:36:34.613702+00:00;2022-01-16 08:40:07.139221+00:00;False;CO;BOG;Uniandes;4.6012;-74.0657;2630
18.73515624999999;9.766769690625003;25.816927042187494;3.3735111921874994;64;2022-01-16 08:48:33.611239+00:00;2022-01-16 08:52:06.151553+00:00;False;CO;BOG;Uniandes;4.6012;-74.0657;2630
18.72781249999999;9.766768701562501;25.779299353124998;3.373511631250001;64;2022-01-16 09:00:34.598981+00:00;2022-01-16 09:04:07.127971+00:00;False;CO;BOG;Uniandes;4.6012;-74.0657;2630
18.724531249999988;9.766601039062499;25.8121397203125;3.3735406218750006;64;2022-01-16 09:12:33.601836+00:00;2022-01-16 09:16:06.129027+00:00;False;CO;BOG;Uniandes;4.6012;-74.0657;2630
19.214218750000004;9.766748298437502;25.815589182812495;3.373514984374999;64;2022-01-16 09:36:35.056182+00:00;2022-01-16 09:40:07.585345+00:00;False;CO;BOG;Uniandes;4.6012;-74.0657;2630
18.83703125000001;9.7667604125;25.807116092187496;3.373512946875;64;2022-01-16 09:48:34.036552+00:00;2022-01-16 09:52:06.570695+00:00;False;CO;BOG;Uniandes;4.6012;-74.0657;2630
18.714843749999996;9.766789762499998;25.820994740625004;3.37350773125;64;2022-01-16 10:00:35.547726+00:00;2022-01-16 10:04:08.076122+00:00;False;CO;BOG;Uniandes;4.6012;-74.0657;2630
18.719062499999986;9.766747776562502;25.805962596875;3.373515185937502;64;2022-01-16 10:12:34.534847+00:00;2022-01-16 10:16:07.060329+00:00;False;CO;BOG;Uniandes;4.6012;-74.0657;2630
18.699687499999996;9.766693518750003;25.841677276562503;3.3735246296875;64;2022-01-16 10:24:33.612464+00:00;2022-01-16 10:28:06.127211+00:00;False;CO;BOG;Uniandes;4.6012;-74.0657;2630
18.681562499999995;9.76675568125;25.757033254687506;3.3735139890625003;64;2022-01-16 10:36:34.612802+00:00;2022-01-16 10:40:07.137603+00:00;False;CO;BOG;Uniandes;4.6012;-74.0657;2630
18.675000000000004;9.766628914062501;25.74101769843751;3.3735360953125006;64;2022-01-16 10:48:33.613335+00:00;2022-01-16 10:52:06.154539+00:00;False;CO;BOG;Uniandes;4.6012;-74.0657;2630
18.672812500000003;9.766749365625003;25.7498098046875;3.3735149343749993;64;2022-01-16 11:00:34.603819+00:00;2022-01-16 11:04:07.132899+00:00;False;CO;BOG;Uniandes;4.6012;-74.0657;2630
18.6703125;9.766718346875004;25.827641637500005;3.3735203328124994;64;2022-01-16 11:12:33.609118+00:00;2022-01-16 11:16:06.135271+00:00;False;CO;BOG;Uniandes;4.6012;-74.0657;2630
18.66171875;9.766720392187498;25.7724514234375;3.3735199593750003;64;2022-01-16 11:24:34.565379+00:00;2022-01-16 11:28:07.098448+00:00;False;CO;BOG;Uniandes;4.6012;-74.0657;2630
18.67625;9.766790509375005;25.826289951562508;3.3735075781249995;64;2022-01-16 11:36:33.556544+00:00;2022-01-16 11:40:06.085088+00:00;False;CO;BOG;Uniandes;4.6012;-74.0657;2630
18.668125000000003;9.766764629687495;25.82507514531251;3.3735120734374986;64;2022-01-16 11:48:34.538416+00:00;2022-01-16 11:52:07.072654+00:00;False;CO;BOG;Uniandes;4.6012;-74.0657;2630
18.66203125;9.766778765624998;25.808914479687505;3.3735096359375003;64;2022-01-16 12:00:33.551668+00:00;2022-01-16 12:04:06.080269+00:00;False;CO;BOG;Uniandes;4.6012;-74.0657;2630
18.657656250000006;9.766800967187502;25.777341545312492;3.3735060624999997;64;2022-01-16 12:12:34.541761+00:00;2022-01-16 12:16:07.066166+00:00;False;CO;BOG;Uniandes;4.6012;-74.0657;2630
18.665625000000002;9.766781003124997;25.824567524999996;3.373509240625001;64;2022-01-16 12:24:33.635031+00:00;2022-01-16 12:28:06.136268+00:00;False;CO;BOG;Uniandes;4.6012;-74.0657;2630
18.656093750000004;9.766781464062499;25.817403884374993;3.3735091656250016;64;2022-01-16 12:36:35.126852+00:00;2022-01-16 12:40:07.652620+00:00;False;CO;BOG;Uniandes;4.6012;-74.0657;2630
18.656406250000003;9.7667772109375;25.82480004375;3.3735099218749993;64;2022-01-16 12:48:34.125361+00:00;2022-01-16 12:52:06.667558+00:00;False;CO;BOG;Uniandes;4.6012;-74.0657;2630
18.647656249999997;9.766761656249999;25.790909879687504;3.3735128499999996;64;2022-01-16 13:00:35.610788+00:00;2022-01-16 13:04:08.138866+00:00;False;CO;BOG;Uniandes;4.6012;-74.0657;2630
18.651718749999997;9.766772978125005;25.80985349062501;3.373510645312501;64;2022-01-16 13:12:34.620027+00:00;2022-01-16 13:16:07.148336+00:00;False;CO;BOG;Uniandes;4.6012;-74.0657;2630
18.645468750000006;9.766794146875002;25.816241798437503;3.3735069749999993;64;2022-01-16 13:24:34.069361+00:00;2022-01-16 13:28:06.602123+00:00;False;CO;BOG;Uniandes;4.6012;-74.0657;2630
18.6396875;9.766793015625;25.81694990781251;3.373507182812499;64;2022-01-16 13:36:35.567038+00:00;2022-01-16 13:40:08.095097+00:00;False;CO;BOG;Uniandes;4.6012;-74.0657;2630
18.6403125;9.766769375;25.81880315624999;3.373511243750002;64;2022-01-16 13:48:35.043079+00:00;2022-01-16 13:52:07.589702+00:00;False;CO;BOG;Uniandes;4.6012;-74.0657;2630
18.638125000000002;9.766770689062497;25.811413281250005;3.3735110703125004;64;2022-01-16 14:00:34.570075+00:00;2022-01-16 14:04:07.098073+00:00;False;CO;BOG;Uniandes;4.6012;-74.0657;2630
18.640625000000004;9.7667407328125;25.82259354218751;3.3735163281249996;64;2022-01-16 14:12:33.574284+00:00;2022-01-16 14:16:06.106118+00:00;False;CO;BOG;Uniandes;4.6012;-74.0657;2630
18.6496875;9.7667743546875;25.7958114140625;3.3735106437500004;64;2022-01-16 14:24:34.622806+00:00;2022-01-16 14:28:07.147599+00:00;False;CO;BOG;Uniandes;4.6012;-74.0657;2630
18.646874999999998;9.766622728125004;25.820174757812502;3.3735368500000003;64;2022-01-16 14:36:34.131558+00:00;2022-01-16 14:40:06.665195+00:00;False;CO;BOG;Uniandes;4.6012;-74.0657;2630
18.614375000000003;9.766777139062503;25.802006665624997;3.373510070312499;64;2022-01-16 14:48:35.149400+00:00;2022-01-16 14:52:07.669212+00:00;False;CO;BOG;Uniandes;4.6012;-74.0657;2630
18.632031250000004;9.766779531249995;25.8038291609375;3.373509521875001;64;2022-01-16 15:00:34.122424+00:00;2022-01-16 15:04:06.656150+00:00;False;CO;BOG;Uniandes;4.6012;-74.0657;2630
18.625625;9.766750632812498;25.820440740625;3.373514560937502;64;2022-01-16 15:12:35.118563+00:00;2022-01-16 15:16:07.648954+00:00;False;CO;BOG;Uniandes;4.6012;-74.0657;2630
18.614218750000006;9.76678215;25.795158023437505;3.373509139062499;64;2022-01-16 15:24:34.072867+00:00;2022-01-16 15:28:06.608904+00:00;False;CO;BOG;Uniandes;4.6012;-74.0657;2630
18.612812500000004;9.766638717187499;25.807260398437492;3.3735340734375;64;2022-01-16 15:36:35.071961+00:00;2022-01-16 15:40:07.600534+00:00;False;CO;BOG;Uniandes;4.6012;-74.0657;2630
18.6015625;9.766772496875;25.755697285937497;3.3735109375000008;64;2022-01-16 15:48:34.039368+00:00;2022-01-16 15:52:06.583694+00:00;False;CO;BOG;Uniandes;4.6012;-74.0657;2630
18.618593750000002;9.766644609374994;25.784603446874996;3.3735330640625;64;2022-01-16 16:00:35.081376+00:00;2022-01-16 16:04:07.609102+00:00;False;CO;BOG;Uniandes;4.6012;-74.0657;2630
18.598125000000003;9.766780809375001;25.777113079687506;3.3735095703125006;64;2022-01-16 16:12:34.071880+00:00;2022-01-16 16:16:06.603518+00:00;False;CO;BOG;Uniandes;4.6012;-74.0657;2630
18.609687500000003;9.7667690421875;25.806933790625006;3.3735113062500006;64;2022-01-16 16:24:35.626326+00:00;2022-01-16 16:28:08.155580+00:00;False;CO;BOG;Uniandes;4.6012;-74.0657;2630
18.599843750000005;9.7667962125;25.810081185937502;3.3735066296875;64;2022-01-16 16:36:34.630119+00:00;2022-01-16 16:40:07.163266+00:00;False;CO;BOG;Uniandes;4.6012;-74.0657;2630
18.623593749999998;9.766765371875;25.80628170781249;3.3735121250000004;64;2022-01-16 16:48:34.146455+00:00;2022-01-16 16:52:06.663302+00:00;False;CO;BOG;Uniandes;4.6012;-74.0657;2630
18.61718750000001;9.766763375;25.807037540625004;3.3735125140624986;64;2022-01-16 17:00:35.120626+00:00;2022-01-16 17:04:07.654640+00:00;False;CO;BOG;Uniandes;4.6012;-74.0657;2630
18.617968750000003;9.766775024999996;25.809661290625;3.3735102624999995;64;2022-01-16 17:12:34.624720+00:00;2022-01-16 17:16:07.155220+00:00;False;CO;BOG;Uniandes;4.6012;-74.0657;2630
18.6246875;9.766794409375;25.809273131249995;3.373506918749999;64;2022-01-16 17:24:33.590460+00:00;2022-01-16 17:28:06.125155+00:00;False;CO;BOG;Uniandes;4.6012;-74.0657;2630
18.611250000000005;9.766768737500001;25.783363312499993;3.3735116015625;64;2022-01-16 17:36:34.591288+00:00;2022-01-16 17:40:07.120620+00:00;False;CO;BOG;Uniandes;4.6012;-74.0657;2630
18.599375000000006;9.766785367187497;25.806800723437508;3.3735084984374994;64;2022-01-16 17:48:33.582049+00:00;2022-01-16 17:52:06.114708+00:00;False;CO;BOG;Uniandes;4.6012;-74.0657;2630
18.608281250000005;9.766760482812499;25.80645343749999;3.3735127859375;64;2022-01-16 18:00:34.583215+00:00;2022-01-16 18:04:07.112253+00:00;False;CO;BOG;Uniandes;4.6012;-74.0657;2630
18.612031250000005;9.766785901562498;25.789718389062507;3.3735085796875;64;2022-01-16 18:12:33.579981+00:00;2022-01-16 18:16:06.105777+00:00;False;CO;BOG;Uniandes;4.6012;-74.0657;2630
18.614062500000003;9.7666362203125;25.7947179671875;3.373534543750001;64;2022-01-16 18:24:34.642164+00:00;2022-01-16 18:28:07.169914+00:00;False;CO;BOG;Uniandes;4.6012;-74.0657;2630
18.599531250000005;9.766810120312499;25.763712164062504;3.37350448125;64;2022-01-16 18:36:33.627841+00:00;2022-01-16 18:40:06.162057+00:00;False;CO;BOG;Uniandes;4.6012;-74.0657;2630
18.617187500000007;9.766768584375003;25.811443443750008;3.373511434375;64;2022-01-16 18:48:34.623580+00:00;2022-01-16 18:52:07.160238+00:00;False;CO;BOG;Uniandes;4.6012;-74.0657;2630
18.601250000000004;9.766814032812501;25.807843593749997;3.3735035296875004;64;2022-01-16 19:00:33.641631+00:00;2022-01-16 19:04:06.167971+00:00;False;CO;BOG;Uniandes;4.6012;-74.0657;2630
18.59437500000001;9.766644790625;25.750599712500005;3.3735330187500003;64;2022-01-16 19:12:34.642929+00:00;2022-01-16 19:16:07.178226+00:00;False;CO;BOG;Uniandes;4.6012;-74.0657;2630
18.597968750000003;9.766761410937496;25.753801556249996;3.3735130890625005;64;2022-01-16 19:24:33.579550+00:00;2022-01-16 19:28:06.112963+00:00;False;CO;BOG;Uniandes;4.6012;-74.0657;2630
18.614218750000003;9.76677816875;25.79248294375;3.3735099531250006;64;2022-01-16 19:36:34.580775+00:00;2022-01-16 19:40:07.107776+00:00;False;CO;BOG;Uniandes;4.6012;-74.0657;2630
18.6153125;9.766759192187498;25.804432779687517;3.3735130093750003;64;2022-01-16 19:48:33.548066+00:00;2022-01-16 19:52:06.099222+00:00;False;CO;BOG;Uniandes;4.6012;-74.0657;2630
18.606562500000003;9.766771684375;25.798929246874994;3.3735109953124995;64;2022-01-16 20:00:34.589835+00:00;2022-01-16 20:04:07.116646+00:00;False;CO;BOG;Uniandes;4.6012;-74.0657;2630
18.61140625000001;9.766657803124998;25.82567870625001;3.3735307859374997;64;2022-01-16 20:12:33.590870+00:00;2022-01-16 20:16:06.122884+00:00;False;CO;BOG;Uniandes;4.6012;-74.0657;2630
18.618281250000003;9.766759224999998;25.796175240625004;3.3735132484375008;64;2022-01-16 20:24:35.144729+00:00;2022-01-16 20:28:07.671360+00:00;False;CO;BOG;Uniandes;4.6012;-74.0657;2630
18.609687500000003;9.766779989062503;25.8174816640625;3.373509407812499;64;2022-01-16 20:36:34.147047+00:00;2022-01-16 20:40:06.680382+00:00;False;CO;BOG;Uniandes;4.6012;-74.0657;2630
18.616562500000004;9.766762662499998;25.814263282812508;3.3735124046875;64;2022-01-16 20:48:35.673657+00:00;2022-01-16 20:52:08.193171+00:00;False;CO;BOG;Uniandes;4.6012;-74.0657;2630
18.610625000000006;9.766733364062501;25.821206665625002;3.3735175125;64;2022-01-16 21:00:34.636933+00:00;2022-01-16 21:04:07.171233+00:00;False;CO;BOG;Uniandes;4.6012;-74.0657;2630
18.614062500000003;9.766766339062503;25.819600048437504;3.3735117890624986;64;2022-01-16 21:12:33.638062+00:00;2022-01-16 21:16:06.167969+00:00;False;CO;BOG;Uniandes;4.6012;-74.0657;2630
18.627187500000012;9.766682889062501;25.83129293125;3.373526446875;64;2022-01-16 21:24:35.105178+00:00;2022-01-16 21:28:07.639706+00:00;False;CO;BOG;Uniandes;4.6012;-74.0657;2630
18.6078125;9.7667437640625;25.809975089062494;3.3735156968750006;64;2022-01-16 21:36:34.098712+00:00;2022-01-16 21:40:06.627213+00:00;False;CO;BOG;Uniandes;4.6012;-74.0657;2630
18.60484375;9.7667562140625;25.8011795921875;3.3735135328125003;64;2022-01-16 21:48:35.080669+00:00;2022-01-16 21:52:07.614987+00:00;False;CO;BOG;Uniandes;4.6012;-74.0657;2630
18.61;9.766745878124999;25.813473640625002;3.3735153640625;64;2022-01-16 22:00:34.081965+00:00;2022-01-16 22:04:06.610454+00:00;False;CO;BOG;Uniandes;4.6012;-74.0657;2630
18.6075;9.7667432125;25.76315445000001;3.3735160265624993;64;2022-01-16 22:12:35.074697+00:00;2022-01-16 22:16:07.599730+00:00;False;CO;BOG;Uniandes;4.6012;-74.0657;2630
18.600781250000004;9.7665978390625;25.76877701718751;3.3735411125000003;64;2022-01-16 22:24:34.180691+00:00;2022-01-16 22:28:06.681791+00:00;False;CO;BOG;Uniandes;4.6012;-74.0657;2630
18.605468750000007;9.7667493359375;25.764983446875007;3.3735149640624984;64;2022-01-16 22:36:35.161735+00:00;2022-01-16 22:40:07.689282+00:00;False;CO;BOG;Uniandes;4.6012;-74.0657;2630
18.62546875;9.766611803125004;25.793959848437492;3.373538749999999;64;2022-01-16 22:48:34.669757+00:00;2022-01-16 22:52:07.211576+00:00;False;CO;BOG;Uniandes;4.6012;-74.0657;2630
18.613906250000003;9.76676434375;25.772464309375;3.373512385937499;64;2022-01-16 23:00:33.661850+00:00;2022-01-16 23:04:06.188900+00:00;False;CO;BOG;Uniandes;4.6012;-74.0657;2630
18.624218750000004;9.766763075;25.80052858749999;3.3735123828125007;64;2022-01-16 23:12:35.158475+00:00;2022-01-16 23:16:07.684154+00:00;False;CO;BOG;Uniandes;4.6012;-74.0657;2630
18.614218750000003;9.766662289062499;25.832336929687497;3.373530021875001;64;2022-01-16 23:24:34.106212+00:00;2022-01-16 23:28:06.638546+00:00;False;CO;BOG;Uniandes;4.6012;-74.0657;2630
18.6175;9.766743887499999;25.8062987015625;3.37351588125;64;2022-01-16 23:36:35.103645+00:00;2022-01-16 23:40:07.632272+00:00;False;CO;BOG;Uniandes;4.6012;-74.0657;2630
18.6178125;9.766698809374997;25.846334753124996;3.3735236921875016;64;2022-01-16 23:48:34.582856+00:00;2022-01-16 23:52:07.116957+00:00;False;CO;BOG;Uniandes;4.6012;-74.0657;2630
18.618437500000006;9.766750925;25.817334293750008;3.3735144484374997;64;2022-01-17 00:00:34.097172+00:00;2022-01-17 00:04:06.625846+00:00;False;CO;BOG;Uniandes;4.6012;-74.0657;2630
18.630312500000002;9.766725837499997;25.817369048437506;3.373518764062499;64;2022-01-17 00:12:35.583846+00:00;2022-01-17 00:16:08.109189+00:00;False;CO;BOG;Uniandes;4.6012;-74.0657;2630
18.642500000000002;9.766737373437497;25.812553768749993;3.373516771875001;64;2022-01-17 00:24:35.186077+00:00;2022-01-17 00:28:07.687257+00:00;False;CO;BOG;Uniandes;4.6012;-74.0657;2630
18.630468749999995;9.766709607812501;25.81633573281251;3.37352164375;64;2022-01-17 00:36:34.666800+00:00;2022-01-17 00:40:07.195213+00:00;False;CO;BOG;Uniandes;4.6012;-74.0657;2630
18.641562500000003;9.766739914062498;25.815672814062502;3.3735163968750004;64;2022-01-17 00:48:33.666861+00:00;2022-01-17 00:52:06.208905+00:00;False;CO;BOG;Uniandes;4.6012;-74.0657;2630
18.629062500000003;9.766745479687497;25.812353959375;3.3735153937500004;64;2022-01-17 01:00:35.160860+00:00;2022-01-17 01:04:07.688503+00:00;False;CO;BOG;Uniandes;4.6012;-74.0657;2630
18.637500000000006;9.766703875000003;25.814164759375;3.373522621874999;64;2022-01-17 01:12:34.162177+00:00;2022-01-17 01:16:06.688897+00:00;False;CO;BOG;Uniandes;4.6012;-74.0657;2630
18.65046875;9.766705410937504;25.820084954687495;3.3735224968749993;64;2022-01-17 01:24:35.107983+00:00;2022-01-17 01:28:07.644247+00:00;False;CO;BOG;Uniandes;4.6012;-74.0657;2630
18.6434375;9.7666978828125;25.809391023437495;3.3735238187500003;64;2022-01-17 01:36:34.611090+00:00;2022-01-17 01:40:07.140908+00:00;False;CO;BOG;Uniandes;4.6012;-74.0657;2630
18.656249999999996;9.766700871875003;25.82938194375;3.373523068749999;64;2022-01-17 01:48:34.091558+00:00;2022-01-17 01:52:06.624030+00:00;False;CO;BOG;Uniandes;4.6012;-74.0657;2630
18.63984375;9.766706589062501;25.80576881718751;3.3735222265625002;64;2022-01-17 02:00:35.602539+00:00;2022-01-17 02:04:08.131880+00:00;False;CO;BOG;Uniandes;4.6012;-74.0657;2630
18.64296875;9.766713506250001;25.829820748437502;3.373520903125;64;2022-01-17 02:12:35.082603+00:00;2022-01-17 02:16:07.608348+00:00;False;CO;BOG;Uniandes;4.6012;-74.0657;2630
18.638437500000002;9.7667205015625;25.817869035937502;3.3735196890624994;64;2022-01-17 02:24:34.056326+00:00;2022-01-17 02:28:06.583988+00:00;False;CO;BOG;Uniandes;4.6012;-74.0657;2630
18.634218750000006;9.766697671875;25.818624320312498;3.373523842187498;64;2022-01-17 02:36:35.018864+00:00;2022-01-17 02:40:07.634120+00:00;False;CO;BOG;Uniandes;4.6012;-74.0657;2630
18.626406250000002;9.766720382812496;25.825934440625;3.3735197453124997;64;2022-01-17 02:48:34.135128+00:00;2022-01-17 02:52:06.671612+00:00;False;CO;BOG;Uniandes;4.6012;-74.0657;2630
18.621093750000004;9.766694273437503;25.785936440624997;3.3735244874999997;64;2022-01-17 03:00:35.151602+00:00;2022-01-17 03:04:07.694482+00:00;False;CO;BOG;Uniandes;4.6012;-74.0657;2630
18.61828125;9.766722782812495;25.822014448437507;3.373519307812501;64;2022-01-17 03:12:34.139912+00:00;2022-01-17 03:16:06.665162+00:00;False;CO;BOG;Uniandes;4.6012;-74.0657;2630
18.607968750000005;9.766709196874999;25.812682474999995;3.3735218687499997;64;2022-01-17 03:24:35.646275+00:00;2022-01-17 03:28:08.176416+00:00;False;CO;BOG;Uniandes;4.6012;-74.0657;2630
18.627031250000005;9.766732010937499;25.827045678124993;3.3735177156249994;64;2022-01-17 03:36:34.653065+00:00;2022-01-17 03:40:07.185378+00:00;False;CO;BOG;Uniandes;4.6012;-74.0657;2630
18.61593750000001;9.7667282828125;25.82670175624999;3.373518346874999;64;2022-01-17 03:48:33.661756+00:00;2022-01-17 03:52:06.192968+00:00;False;CO;BOG;Uniandes;4.6012;-74.0657;2630
18.595312500000006;9.76670344375;25.79037779375001;3.373522885937499;64;2022-01-17 04:00:34.660174+00:00;2022-01-17 04:04:07.192785+00:00;False;CO;BOG;Uniandes;4.6012;-74.0657;2630
18.603750000000005;9.7666094609375;25.8341261140625;3.373539135937499;64;2022-01-17 04:12:34.170393+00:00;2022-01-17 04:16:06.704591+00:00;False;CO;BOG;Uniandes;4.6012;-74.0657;2630
18.60296875000001;9.766716553124997;25.779918965624987;3.373520654687498;64;2022-01-17 04:24:35.126191+00:00;2022-01-17 04:28:07.659604+00:00;False;CO;BOG;Uniandes;4.6012;-74.0657;2630
18.596718750000004;9.766739332812499;25.82395118593751;3.373516443749999;64;2022-01-17 04:36:34.121680+00:00;2022-01-17 04:40:06.650334+00:00;False;CO;BOG;Uniandes;4.6012;-74.0657;2630
18.606093750000007;9.766688471875;25.78640806875;3.3735254781250013;64;2022-01-17 04:48:35.600564+00:00;2022-01-17 04:52:08.146816+00:00;False;CO;BOG;Uniandes;4.6012;-74.0657;2630
18.603281250000013;9.766736106249997;25.833263040625003;3.373516970312499;64;2022-01-17 05:00:34.624129+00:00;2022-01-17 05:04:07.152795+00:00;False;CO;BOG;Uniandes;4.6012;-74.0657;2630
18.610937500000002;9.766728018750001;25.839508117187496;3.3735183890625;64;2022-01-17 05:12:33.624549+00:00;2022-01-17 05:16:06.156903+00:00;False;CO;BOG;Uniandes;4.6012;-74.0657;2630
18.60125000000001;9.766748865624999;25.822919520312503;3.3735147828125007;64;2022-01-17 05:24:34.676308+00:00;2022-01-17 05:28:07.204908+00:00;False;CO;BOG;Uniandes;4.6012;-74.0657;2630
18.612968750000007;9.766713581249999;25.819086434375006;3.3735209421875005;64;2022-01-17 05:36:33.680126+00:00;2022-01-17 05:40:06.214700+00:00;False;CO;BOG;Uniandes;4.6012;-74.0657;2630
18.586562500000007;9.766734448437502;25.8181061453125;3.3735175359374994;64;2022-01-17 05:48:34.701657+00:00;2022-01-17 05:52:07.217601+00:00;False;CO;BOG;Uniandes;4.6012;-74.0657;2630
18.586718750000003;9.766592485937503;25.8009886453125;3.3735421031249997;64;2022-01-17 06:00:33.678651+00:00;2022-01-17 06:04:06.213442+00:00;False;CO;BOG;Uniandes;4.6012;-74.0657;2630
18.58046875000001;9.766747387499997;25.8138211390625;3.3735151749999996;64;2022-01-17 06:12:34.694695+00:00;2022-01-17 06:16:07.227018+00:00;False;CO;BOG;Uniandes;4.6012;-74.0657;2630
18.595781250000005;9.766753260937495;25.830698759374993;3.37351401875;64;2022-01-17 06:24:33.626549+00:00;2022-01-17 06:28:06.161156+00:00;False;CO;BOG;Uniandes;4.6012;-74.0657;2630
18.589843750000007;9.766764710937498;25.821674637499996;3.3735120703124992;64;2022-01-17 06:36:34.641551+00:00;2022-01-17 06:40:07.169003+00:00;False;CO;BOG;Uniandes;4.6012;-74.0657;2630
18.580468750000005;9.766764835937499;25.832799942187506;3.3735120421874996;64;2022-01-17 06:48:34.133801+00:00;2022-01-17 06:52:06.659446+00:00;False;CO;BOG;Uniandes;4.6012;-74.0657;2630
18.561406250000005;9.766598226562499;25.8345961875;3.3735410890624995;64;2022-01-17 07:00:35.630330+00:00;2022-01-17 07:04:08.166306+00:00;False;CO;BOG;Uniandes;4.6012;-74.0657;2630
18.557656250000004;9.766758182812504;25.830945340624996;3.373513178125;64;2022-01-17 07:12:34.625489+00:00;2022-01-17 07:16:07.153339+00:00;False;CO;BOG;Uniandes;4.6012;-74.0657;2630
18.57234375000001;9.7667322734375;25.823577435937494;3.373517664062501;64;2022-01-17 07:24:33.687802+00:00;2022-01-17 07:28:06.216795+00:00;False;CO;BOG;Uniandes;4.6012;-74.0657;2630
18.562031250000008;9.76674893125;25.821862337499997;3.373514790625;64;2022-01-17 07:36:34.678139+00:00;2022-01-17 07:40:07.211979+00:00;False;CO;BOG;Uniandes;4.6012;-74.0657;2630
18.539531249999996;9.766791167187497;25.829050120312502;3.3735074687499993;64;2022-01-17 07:48:33.678027+00:00;2022-01-17 07:52:06.213936+00:00;False;CO;BOG;Uniandes;4.6012;-74.0657;2630
18.548593750000002;9.7667754390625;25.821262837499994;3.3735102359374984;64;2022-01-17 08:00:34.686685+00:00;2022-01-17 08:04:07.213776+00:00;False;CO;BOG;Uniandes;4.6012;-74.0657;2630
18.546250000000008;9.766760487500003;25.832712767187502;3.3735128234374994;64;2022-01-17 08:12:33.684054+00:00;2022-01-17 08:16:06.218110+00:00;False;CO;BOG;Uniandes;4.6012;-74.0657;2630
18.549062500000005;9.766758725000003;25.811070948437493;3.373513309375001;64;2022-01-17 08:24:34.621431+00:00;2022-01-17 08:28:07.160487+00:00;False;CO;BOG;Uniandes;4.6012;-74.0657;2630
18.529999999999994;9.766782659375;25.818396954687504;3.373508965625;64;2022-01-17 08:36:33.636076+00:00;2022-01-17 08:40:06.164596+00:00;False;CO;BOG;Uniandes;4.6012;-74.0657;2630
18.53703125000001;9.766768690625002;25.813120039062508;3.373511367187501;64;2022-01-17 08:48:34.651649+00:00;2022-01-17 08:52:07.177702+00:00;False;CO;BOG;Uniandes;4.6012;-74.0657;2630
18.534375000000008;9.766685081250001;25.8203922140625;3.3735259953124994;64;2022-01-17 09:00:33.630551+00:00;2022-01-17 09:04:06.167246+00:00;False;CO;BOG;Uniandes;4.6012;-74.0657;2630
18.536875;9.7667798984375;25.809467165625;3.3735094296874997;64;2022-01-17 09:12:34.636338+00:00;2022-01-17 09:16:07.164080+00:00;False;CO;BOG;Uniandes;4.6012;-74.0657;2630
18.53156250000001;9.766756398437495;25.812883009375;3.37351349375;64;2022-01-17 09:24:33.710391+00:00;2022-01-17 09:28:06.240563+00:00;False;CO;BOG;Uniandes;4.6012;-74.0657;2630
18.55250000000001;9.766768232812499;25.805118025;3.373511476562499;64;2022-01-17 09:36:34.692846+00:00;2022-01-17 09:40:07.227823+00:00;False;CO;BOG;Uniandes;4.6012;-74.0657;2630
18.520937499999995;9.766789331249997;25.80639577031251;3.3735078109375;64;2022-01-17 09:48:33.701130+00:00;2022-01-17 09:52:06.237270+00:00;False;CO;BOG;Uniandes;4.6012;-74.0657;2630
18.534843750000004;9.766768067187499;25.811865296875002;3.3735114843749985;64;2022-01-17 10:00:34.707099+00:00;2022-01-17 10:04:07.234140+00:00;False;CO;BOG;Uniandes;4.6012;-74.0657;2630
18.530156250000005;9.766787378125;25.813527996875003;3.373508153124999;64;2022-01-17 10:12:33.705350+00:00;2022-01-17 10:16:06.239957+00:00;False;CO;BOG;Uniandes;4.6012;-74.0657;2630
18.52984374999999;9.766726225000001;25.811917192187508;3.3735188140625003;64;2022-01-17 10:24:34.637203+00:00;2022-01-17 10:28:07.172714+00:00;False;CO;BOG;Uniandes;4.6012;-74.0657;2630
18.52078124999999;9.7668298390625;25.79896;3.3735008546874994;64;2022-01-17 10:36:33.651521+00:00;2022-01-17 10:40:06.177775+00:00;False;CO;BOG;Uniandes;4.6012;-74.0657;2630
18.513281249999988;9.766697064062502;25.817066134375;3.3735238937500003;64;2022-01-17 10:48:34.644636+00:00;2022-01-17 10:52:07.170413+00:00;False;CO;BOG;Uniandes;4.6012;-74.0657;2630
18.521874999999987;9.7668338890625;25.796160251562494;3.3735001890624994;64;2022-01-17 11:00:33.636526+00:00;2022-01-17 11:04:06.172030+00:00;False;CO;BOG;Uniandes;4.6012;-74.0657;2630
18.515624999999986;9.766728578125;25.812685815625006;3.373518423437501;64;2022-01-17 11:12:34.632908+00:00;2022-01-17 11:16:07.160310+00:00;False;CO;BOG;Uniandes;4.6012;-74.0657;2630
18.5221875;9.766822960937498;25.802726928125;3.3735020515625007;64;2022-01-17 11:24:33.717023+00:00;2022-01-17 11:28:06.242175+00:00;False;CO;BOG;Uniandes;4.6012;-74.0657;2630
18.50953124999999;9.766725240625002;25.809865796875005;3.3735190234375;64;2022-01-17 11:36:34.701261+00:00;2022-01-17 11:40:07.237706+00:00;False;CO;BOG;Uniandes;4.6012;-74.0657;2630
18.501093749999985;9.766826546875;25.803977996875;3.3735013921875012;64;2022-01-17 11:48:33.702094+00:00;2022-01-17 11:52:06.239396+00:00;False;CO;BOG;Uniandes;4.6012;-74.0657;2630
18.488749999999996;9.7667582765625;25.799871653124995;3.3735132203125007;64;2022-01-17 12:00:34.727586+00:00;2022-01-17 12:04:07.253646+00:00;False;CO;BOG;Uniandes;4.6012;-74.0657;2630
18.504218749999986;9.766828256249998;25.804042489062496;3.3735010921875004;64;2022-01-17 12:12:33.717287+00:00;2022-01-17 12:16:06.252630+00:00;False;CO;BOG;Uniandes;4.6012;-74.0657;2630
18.501093749999992;9.766715643749999;25.82392031406249;3.3735207468750006;64;2022-01-17 12:24:34.646053+00:00;2022-01-17 12:28:07.187968+00:00;False;CO;BOG;Uniandes;4.6012;-74.0657;2630
18.501562499999988;9.766837657812504;25.797119465625;3.3734996078125;64;2022-01-17 12:36:33.656639+00:00;2022-01-17 12:40:06.184599+00:00;False;CO;BOG;Uniandes;4.6012;-74.0657;2630
18.504374999999982;9.7666960328125;25.823559640625;3.373524143749999;64;2022-01-17 12:48:34.658716+00:00;2022-01-17 12:52:07.184927+00:00;False;CO;BOG;Uniandes;4.6012;-74.0657;2630
18.498437499999984;9.766835415625;25.794439259374997;3.3734999875;64;2022-01-17 13:00:33.642412+00:00;2022-01-17 13:04:06.178430+00:00;False;CO;BOG;Uniandes;4.6012;-74.0657;2630
18.510468749999994;9.766801134374997;25.814953485937497;3.3735057578125;64;2022-01-17 13:12:34.647935+00:00;2022-01-17 13:16:07.174708+00:00;False;CO;BOG;Uniandes;4.6012;-74.0657;2630
18.507812499999982;9.766799446875;25.813181310937505;3.3735060546874998;64;2022-01-17 13:24:33.723456+00:00;2022-01-17 13:28:06.250891+00:00;False;CO;BOG;Uniandes;4.6012;-74.0657;2630
18.50374999999999;9.766790535937501;25.797758573437495;3.373507590625;64;2022-01-17 13:36:34.713731+00:00;2022-01-17 13:40:07.248300+00:00;False;CO;BOG;Uniandes;4.6012;-74.0657;2630
18.51593749999999;9.766810476562503;25.807146101562505;3.3735041437500004;64;2022-01-17 13:48:33.706532+00:00;2022-01-17 13:52:06.243085+00:00;False;CO;BOG;Uniandes;4.6012;-74.0657;2630
18.523125000000007;9.766785626562497;25.803135420312497;3.373508446875;64;2022-01-17 14:00:34.720493+00:00;2022-01-17 14:04:07.246474+00:00;False;CO;BOG;Uniandes;4.6012;-74.0657;2630
18.51546875;9.766799228125;25.800675150000007;3.3735061062499994;64;2022-01-17 14:12:33.718427+00:00;2022-01-17 14:16:06.252671+00:00;False;CO;BOG;Uniandes;4.6012;-74.0657;2630
18.53703124999999;9.766748145312501;25.803436996874993;3.3735149281249996;64;2022-01-17 14:24:34.636782+00:00;2022-01-17 14:28:07.175527+00:00;False;CO;BOG;Uniandes;4.6012;-74.0657;2630
18.529062500000013;9.766802182812501;25.81006291250001;3.3735055843749997;64;2022-01-17 14:36:33.653409+00:00;2022-01-17 14:40:06.181157+00:00;False;CO;BOG;Uniandes;4.6012;-74.0657;2630
18.529062500000002;9.76679251875;25.79484903906249;3.3735073484375007;64;2022-01-17 14:48:34.656703+00:00;2022-01-17 14:52:07.181201+00:00;False;CO;BOG;Uniandes;4.6012;-74.0657;2630
18.509218749999985;9.766729282812499;25.808276415625002;3.373518271874999;64;2022-01-17 15:00:33.638680+00:00;2022-01-17 15:04:06.176001+00:00;False;CO;BOG;Uniandes;4.6012;-74.0657;2630
18.542656250000004;9.7668000171875;25.812578804687494;3.37350595625;64;2022-01-17 15:12:34.644628+00:00;2022-01-17 15:16:07.171298+00:00;False;CO;BOG;Uniandes;4.6012;-74.0657;2630
18.547499999999996;9.7667587734375;25.810517553125;3.3735130906250004;64;2022-01-17 15:24:33.735186+00:00;2022-01-17 15:28:06.256315+00:00;False;CO;BOG;Uniandes;4.6012;-74.0657;2630
18.552500000000013;9.766774984374996;25.811370071875;3.373510267187501;64;2022-01-17 15:36:34.716473+00:00;2022-01-17 15:40:07.250889+00:00;False;CO;BOG;Uniandes;4.6012;-74.0657;2630
18.554062500000008;9.766761625000003;25.807177335937492;3.373512598437499;64;2022-01-17 15:48:33.709065+00:00;2022-01-17 15:52:06.246498+00:00;False;CO;BOG;Uniandes;4.6012;-74.0657;2630
18.547500000000007;9.766760175;25.809702098437498;3.373512825;64;2022-01-17 16:00:34.735730+00:00;2022-01-17 16:04:07.261511+00:00;False;CO;BOG;Uniandes;4.6012;-74.0657;2630
18.53703124999999;9.766780540625001;25.814733979687503;3.3735093171875;64;2022-01-17 16:12:33.723100+00:00;2022-01-17 16:16:06.258406+00:00;False;CO;BOG;Uniandes;4.6012;-74.0657;2630
18.56593750000001;9.766756101562502;25.808099421875003;3.3735135390625017;64;2022-01-17 16:24:34.656420+00:00;2022-01-17 16:28:07.194261+00:00;False;CO;BOG;Uniandes;4.6012;-74.0657;2630
18.543750000000003;9.7667783375;25.805780139062488;3.37350973125;64;2022-01-17 16:36:33.667813+00:00;2022-01-17 16:40:06.196550+00:00;False;CO;BOG;Uniandes;4.6012;-74.0657;2630
18.641406250000003;9.766700459375002;25.829717789062506;3.3735231421875;64;2022-01-17 16:48:34.668417+00:00;2022-01-17 16:52:07.194891+00:00;False;CO;BOG;Uniandes;4.6012;-74.0657;2630
18.866250000000004;9.7667422765625;25.561466545312502;3.3735167937500004;64;2022-01-17 17:00:34.149061+00:00;2022-01-17 17:04:06.682892+00:00;False;CO;BOG;Uniandes;4.6012;-74.0657;2630
18.751874999999988;9.766671746875;25.5909891484375;3.37352879375;64;2022-01-17 17:12:35.159843+00:00;2022-01-17 17:16:07.686889+00:00;False;CO;BOG;Uniandes;4.6012;-74.0657;2630
18.778437499999992;9.7667461203125;25.6382679328125;3.3735159312500014;64;2022-01-17 17:24:34.231433+00:00;2022-01-17 17:28:06.754048+00:00;False;CO;BOG;Uniandes;4.6012;-74.0657;2630
18.795000000000005;9.766596734375;25.652214743749997;3.373541379687499;64;2022-01-17 17:36:35.225043+00:00;2022-01-17 17:40:07.759766+00:00;False;CO;BOG;Uniandes;4.6012;-74.0657;2630
